{
    "sh.600108": {
        "fx_a": 2.97,
        "fx_b": 7.17,
        "sqr_val": 4.615,
        "gold_val": 4.5744
    },
    "sh.600227": {
        "fx_a": 2.37,
        "fx_b": 5.4,
        "sqr_val": 3.577,
        "gold_val": 3.5274600000000005
    },
    "sh.600370": {
        "fx_a": 2.12,
        "fx_b": 3.86,
        "sqr_val": 2.861,
        "gold_val": 2.78468
    },
    "sh.600545": {
        "fx_a": 2.44,
        "fx_b": 4.69,
        "sqr_val": 3.383,
        "gold_val": 3.2995
    },
    "sh.600714": {
        "fx_a": 11.24,
        "fx_b": 27.18,
        "sqr_val": 17.479,
        "gold_val": 17.32908
    },
    "sh.600776": {
        "fx_a": 12.34,
        "fx_b": 27.09,
        "sqr_val": 18.284,
        "gold_val": 17.9745
    },
    "sh.600841": {
        "fx_a": 5.9,
        "fx_b": 11.32,
        "sqr_val": 8.172,
        "gold_val": 7.97044
    },
    "sh.600875": {
        "fx_a": 18.29,
        "fx_b": 45.38,
        "sqr_val": 28.81,
        "gold_val": 28.63838
    },
    "sh.600916": {
        "fx_a": 7.98,
        "fx_b": 14.85,
        "sqr_val": 10.886,
        "gold_val": 10.60434
    },
    "sh.600961": {
        "fx_a": 14.12,
        "fx_b": 27.48,
        "sqr_val": 19.698,
        "gold_val": 19.22352
    },
    "sh.600986": {
        "fx_a": 7.05,
        "fx_b": 16.48,
        "sqr_val": 10.779,
        "gold_val": 10.65226
    },
    "sh.601106": {
        "fx_a": 2.95,
        "fx_b": 6.6,
        "sqr_val": 4.412,
        "gold_val": 4.3443000000000005
    },
    "sh.601231": {
        "fx_a": 11.63911854,
        "fx_b": 49.38,
        "sqr_val": 23.974,
        "gold_val": 26.05613525772
    },
    "sh.603103": {
        "fx_a": 15.3,
        "fx_b": 40.45,
        "sqr_val": 24.877,
        "gold_val": 24.9073
    },
    "sh.603163": {
        "fx_a": 41.16,
        "fx_b": 149.85,
        "sqr_val": 78.536,
        "gold_val": 82.67957999999999
    },
    "sh.603171": {
        "fx_a": 43.65,
        "fx_b": 90.6,
        "sqr_val": 62.886,
        "gold_val": 61.5849
    },
    "sh.603172": {
        "fx_a": 16.78,
        "fx_b": 31.13,
        "sqr_val": 22.855,
        "gold_val": 22.2617
    },
    "sh.603179": {
        "fx_a": 58.51,
        "fx_b": 108.41,
        "sqr_val": 79.643,
        "gold_val": 77.5718
    },
    "sh.603216": {
        "fx_a": 12.15,
        "fx_b": 58.84,
        "sqr_val": 26.738,
        "gold_val": 29.985580000000006
    },
    "sh.603308": {
        "fx_a": 39.39,
        "fx_b": 76.94,
        "sqr_val": 55.051,
        "gold_val": 53.7341
    },
    "sh.603598": {
        "fx_a": 15.86,
        "fx_b": 31.4,
        "sqr_val": 22.316,
        "gold_val": 21.79628
    },
    "sh.603950": {
        "fx_a": 27.55,
        "fx_b": 57.43,
        "sqr_val": 39.777,
        "gold_val": 38.96416
    },
    "sh.605069": {
        "fx_a": 8.99,
        "fx_b": 16.4,
        "sqr_val": 12.142,
        "gold_val": 11.82062
    },
    "sh.605289": {
        "fx_a": 60.87,
        "fx_b": 143.0,
        "sqr_val": 93.297,
        "gold_val": 92.24365999999999
    },
    "sh.605376": {
        "fx_a": 45.75,
        "fx_b": 120.3,
        "sqr_val": 74.187,
        "gold_val": 74.2281
    },
    "sz.000551": {
        "fx_a": 10.58,
        "fx_b": 18.35,
        "sqr_val": 13.934,
        "gold_val": 13.54814
    },
    "sz.000988": {
        "fx_a": 70.8,
        "fx_b": 141.41,
        "sqr_val": 100.059,
        "gold_val": 97.77302
    },
    "sz.001209": {
        "fx_a": 19.92,
        "fx_b": 34.99,
        "sqr_val": 26.401,
        "gold_val": 25.676740000000002
    },
    "sz.001255": {
        "fx_a": 29.88,
        "fx_b": 58.97,
        "sqr_val": 41.976,
        "gold_val": 40.99238
    },
    "sz.001267": {
        "fx_a": 7.0575846,
        "fx_b": 49.95,
        "sqr_val": 18.776,
        "gold_val": 23.442487282800002
    },
    "sz.001330": {
        "fx_a": 5.3,
        "fx_b": 13.72,
        "sqr_val": 8.527,
        "gold_val": 8.516440000000001
    },
    "sz.002009": {
        "fx_a": 15.04,
        "fx_b": 38.0,
        "sqr_val": 23.906,
        "gold_val": 23.81072
    },
    "sz.002044": {
        "fx_a": 4.82,
        "fx_b": 8.88,
        "sqr_val": 6.542,
        "gold_val": 6.370920000000001
    },
    "sz.002155": {
        "fx_a": 20.54,
        "fx_b": 43.67,
        "sqr_val": 29.95,
        "gold_val": 29.37566
    },
    "sz.002342": {
        "fx_a": 6.75,
        "fx_b": 21.42,
        "sqr_val": 12.024,
        "gold_val": 12.353940000000001
    },
    "sz.002350": {
        "fx_a": 7.93,
        "fx_b": 16.21,
        "sqr_val": 11.338,
        "gold_val": 11.09296
    },
    "sz.002440": {
        "fx_a": 7.38,
        "fx_b": 16.45,
        "sqr_val": 11.018,
        "gold_val": 10.84474
    },
    "sz.002445": {
        "fx_a": 2.47,
        "fx_b": 4.77,
        "sqr_val": 3.432,
        "gold_val": 3.3486000000000002
    },
    "sz.002490": {
        "fx_a": 6.12,
        "fx_b": 14.52,
        "sqr_val": 9.427,
        "gold_val": 9.3288
    },
    "sz.002491": {
        "fx_a": 5.78,
        "fx_b": 13.19,
        "sqr_val": 8.731,
        "gold_val": 8.61062
    },
    "sz.002623": {
        "fx_a": 17.28,
        "fx_b": 33.95,
        "sqr_val": 24.221,
        "gold_val": 23.647940000000002
    },
    "sz.002843": {
        "fx_a": 17.6,
        "fx_b": 30.58,
        "sqr_val": 23.199,
        "gold_val": 22.55836
    },
    "sz.002943": {
        "fx_a": 30.52,
        "fx_b": 88.95,
        "sqr_val": 52.103,
        "gold_val": 52.84026
    },
    "sz.003018": {
        "fx_a": 16.8,
        "fx_b": 30.51,
        "sqr_val": 22.64,
        "gold_val": 22.03722
    },
    "sz.300042": {
        "fx_a": 31.41,
        "fx_b": 61.08,
        "sqr_val": 43.801,
        "gold_val": 42.74394
    },
    "sz.300058": {
        "fx_a": 6.08,
        "fx_b": 23.77,
        "sqr_val": 12.022,
        "gold_val": 12.837579999999999
    },
    "sz.300102": {
        "fx_a": 8.5669846,
        "fx_b": 44.66,
        "sqr_val": 19.56,
        "gold_val": 22.3545164828
    },
    "sz.300139": {
        "fx_a": 22.85,
        "fx_b": 91.78,
        "sqr_val": 45.795,
        "gold_val": 49.18126000000001
    },
    "sz.300141": {
        "fx_a": 10.7,
        "fx_b": 21.2,
        "sqr_val": 15.061,
        "gold_val": 14.710999999999999
    },
    "sz.300179": {
        "fx_a": 13.81,
        "fx_b": 29.5,
        "sqr_val": 20.184,
        "gold_val": 19.80358
    },
    "sz.300251": {
        "fx_a": 15.55,
        "fx_b": 29.88,
        "sqr_val": 21.555,
        "gold_val": 21.02406
    },
    "sz.300265": {
        "fx_a": 9.05,
        "fx_b": 21.99,
        "sqr_val": 14.107,
        "gold_val": 13.993079999999999
    },
    "sz.300337": {
        "fx_a": 9.58,
        "fx_b": 21.73,
        "sqr_val": 14.428,
        "gold_val": 14.2213
    },
    "sz.300436": {
        "fx_a": 79.0,
        "fx_b": 149.0,
        "sqr_val": 108.494,
        "gold_val": 105.74000000000001
    },
    "sz.300503": {
        "fx_a": 25.81,
        "fx_b": 72.56,
        "sqr_val": 43.276,
        "gold_val": 43.668499999999995
    },
    "sz.300658": {
        "fx_a": 6.3368178,
        "fx_b": 31.0,
        "sqr_val": 14.016,
        "gold_val": 15.758153400400001
    },
    "sz.300671": {
        "fx_a": 31.26,
        "fx_b": 60.88,
        "sqr_val": 43.625,
        "gold_val": 42.57484
    },
    "sz.300739": {
        "fx_a": 14.6,
        "fx_b": 35.16,
        "sqr_val": 22.657,
        "gold_val": 22.453919999999997
    },
    "sz.300757": {
        "fx_a": 189.21,
        "fx_b": 449.99,
        "sqr_val": 291.792,
        "gold_val": 288.82796
    },
    "sz.300785": {
        "fx_a": 31.7,
        "fx_b": 83.89,
        "sqr_val": 51.569,
        "gold_val": 51.636579999999995
    },
    "sz.300812": {
        "fx_a": 22.11,
        "fx_b": 50.95,
        "sqr_val": 33.563,
        "gold_val": 33.12688
    },