{
    "sh.600501": {
        "fx_a": 19.81,
        "fx_b": 39.97,
        "sqr_val": 28.139,
        "gold_val": 27.51112
    },
    "sh.600775": {
        "fx_a": 10.58,
        "fx_b": 20.04,
        "sqr_val": 14.561,
        "gold_val": 14.193719999999999
    },
    "sh.600776": {
        "fx_a": 12.34,
        "fx_b": 27.09,
        "sqr_val": 18.284,
        "gold_val": 17.9745
    },
    "sh.600783": {
        "fx_a": 13.64,
        "fx_b": 39.44,
        "sqr_val": 23.194,
        "gold_val": 23.4956
    },
    "sh.600855": {
        "fx_a": 13.37,
        "fx_b": 30.0,
        "sqr_val": 20.027,
        "gold_val": 19.72266
    },
    "sh.600865": {
        "fx_a": 8.87,
        "fx_b": 23.1,
        "sqr_val": 14.314,
        "gold_val": 14.30586
    },
    "sh.603278": {
        "fx_a": 8.97,
        "fx_b": 18.17,
        "sqr_val": 12.767,
        "gold_val": 12.4844
    },
    "sz.002173": {
        "fx_a": 19.65,
        "fx_b": 38.31,
        "sqr_val": 27.437,
        "gold_val": 26.77812
    },
    "sz.002324": {
        "fx_a": 11.97,
        "fx_b": 25.66,
        "sqr_val": 17.526,
        "gold_val": 17.19958
    },
    "sz.002347": {
        "fx_a": 6.51,
        "fx_b": 14.54,
        "sqr_val": 9.729,
        "gold_val": 9.577459999999999
    },
    "sz.002361": {
        "fx_a": 6.05,
        "fx_b": 18.13,
        "sqr_val": 10.473,
        "gold_val": 10.664559999999998
    },
    "sz.002465": {
        "fx_a": 11.23,
        "fx_b": 26.62,
        "sqr_val": 17.29,
        "gold_val": 17.108980000000003
    },
    "sz.002519": {
        "fx_a": 4.52,
        "fx_b": 12.62,
        "sqr_val": 7.553,
        "gold_val": 7.614199999999999
    },
    "sz.002757": {
        "fx_a": 15.38,
        "fx_b": 29.45,
        "sqr_val": 21.282,
        "gold_val": 20.754739999999998
    },
    "sz.002759": {
        "fx_a": 30.95,
        "fx_b": 55.98,
        "sqr_val": 41.624,
        "gold_val": 40.51146
    },
    "sz.002788": {
        "fx_a": 7.9,
        "fx_b": 28.29,
        "sqr_val": 14.95,
        "gold_val": 15.68898
    },
    "sz.300141": {
        "fx_a": 10.7,
        "fx_b": 21.2,
        "sqr_val": 15.061,
        "gold_val": 14.710999999999999
    },
    "sz.300516": {
        "fx_a": 35.19,
        "fx_b": 98.76,
        "sqr_val": 58.952,
        "gold_val": 59.47374
    },
    "sz.300629": {
        "fx_a": 18.1,
        "fx_b": 34.38,
        "sqr_val": 24.946,
        "gold_val": 24.318960000000004
    },
    "sz.300878": {
        "fx_a": 20.3,
        "fx_b": 37.11,
        "sqr_val": 27.447,
        "gold_val": 26.721420000000002
    },
    "sz.300887": {
        "fx_a": 7.47,
        "fx_b": 16.79,
        "sqr_val": 11.199,
        "gold_val": 11.03024
    },
    "sz.301079": {
        "fx_a": 23.62,
        "fx_b": 70.14,
        "sqr_val": 40.703,
        "gold_val": 41.390640000000005
    },
    "sz.301117": {
        "fx_a": 44.6,
        "fx_b": 84.48,
        "sqr_val": 61.382,
        "gold_val": 59.834160000000004
    },
    "sz.301246": {
        "fx_a": 13.97,
        "fx_b": 28.79,
        "sqr_val": 20.055,
        "gold_val": 19.63124
    },
    "sz.301293": {
        "fx_a": 51.99,
        "fx_b": 103.0,
        "sqr_val": 73.178,
        "gold_val": 71.47582
    },
    "sz.301330": {
        "fx_a": 27.58,
        "fx_b": 50.5,
        "sqr_val": 37.32,
        "gold_val": 36.33544
    },
    "sz.301363": {
        "fx_a": 20.22,
        "fx_b": 43.3,
        "sqr_val": 29.589,
        "gold_val": 29.036559999999998
    }
}