{
    "sh.600108": {
        "fx_a": 3.37,
        "fx_b": 7.17,
        "sqr_val": 4.916,
        "gold_val": 4.8216
    },
    "sh.600172": {
        "fx_a": 5.75,
        "fx_b": 11.59,
        "sqr_val": 8.163,
        "gold_val": 7.98088
    },
    "sh.600310": {
        "fx_a": 4.2,
        "fx_b": 7.26,
        "sqr_val": 5.522,
        "gold_val": 5.36892
    },
    "sh.600370": {
        "fx_a": 2.12,
        "fx_b": 3.86,
        "sqr_val": 2.861,
        "gold_val": 2.78468
    },
    "sh.600397": {
        "fx_a": 9.59,
        "fx_b": 22.6,
        "sqr_val": 14.722,
        "gold_val": 14.55982
    },
    "sh.600673": {
        "fx_a": 21.94,
        "fx_b": 41.58,
        "sqr_val": 30.204,
        "gold_val": 29.44248
    },
    "sh.600714": {
        "fx_a": 14.39,
        "fx_b": 27.18,
        "sqr_val": 19.777,
        "gold_val": 19.27578
    },
    "sh.600759": {
        "fx_a": 2.41,
        "fx_b": 9.09,
        "sqr_val": 4.68,
        "gold_val": 4.96176
    },
    "sh.600776": {
        "fx_a": 14.76,
        "fx_b": 27.09,
        "sqr_val": 19.996,
        "gold_val": 19.47006
    },
    "sh.600821": {
        "fx_a": 5.5,
        "fx_b": 12.2,
        "sqr_val": 8.191,
        "gold_val": 8.0594
    },
    "sh.600961": {
        "fx_a": 15.62,
        "fx_b": 27.48,
        "sqr_val": 20.718,
        "gold_val": 20.15052
    },
    "sh.601016": {
        "fx_a": 3.02,
        "fx_b": 5.73,
        "sqr_val": 4.16,
        "gold_val": 4.05522
    },
    "sh.601231": {
        "fx_a": 27.35,
        "fx_b": 49.38,
        "sqr_val": 36.75,
        "gold_val": 35.765460000000004
    },
    "sh.601330": {
        "fx_a": 6.96,
        "fx_b": 12.2,
        "sqr_val": 9.215,
        "gold_val": 8.96168
    },
    "sh.603016": {
        "fx_a": 30.0,
        "fx_b": 52.27,
        "sqr_val": 39.599,
        "gold_val": 38.50714
    },
    "sh.603171": {
        "fx_a": 49.5,
        "fx_b": 90.6,
        "sqr_val": 66.968,
        "gold_val": 65.2002
    },
    "sh.603216": {
        "fx_a": 15.42,
        "fx_b": 58.84,
        "sqr_val": 30.122,
        "gold_val": 32.00644
    },
    "sz.000020": {
        "fx_a": 13.72,
        "fx_b": 25.66,
        "sqr_val": 18.763,
        "gold_val": 18.28108
    },
    "sz.000533": {
        "fx_a": 8.21,
        "fx_b": 21.84,
        "sqr_val": 13.391,
        "gold_val": 13.41666
    },
    "sz.000539": {
        "fx_a": 4.71,
        "fx_b": 8.14,
        "sqr_val": 6.192,
        "gold_val": 6.02026
    },
    "sz.000657": {
        "fx_a": 27.57,
        "fx_b": 71.5,
        "sqr_val": 44.399,
        "gold_val": 44.351259999999996
    },
    "sz.000720": {
        "fx_a": 3.71,
        "fx_b": 7.18,
        "sqr_val": 5.161,
        "gold_val": 5.03554
    },
    "sz.002009": {
        "fx_a": 20.68,
        "fx_b": 38.0,
        "sqr_val": 28.033,
        "gold_val": 27.29624
    },
    "sz.002038": {
        "fx_a": 5.47,
        "fx_b": 9.4,
        "sqr_val": 7.171,
        "gold_val": 6.97126
    },
    "sz.002044": {
        "fx_a": 5.14,
        "fx_b": 8.88,
        "sqr_val": 6.756,
        "gold_val": 6.5686800000000005
    },
    "sz.002112": {
        "fx_a": 13.18,
        "fx_b": 28.55,
        "sqr_val": 19.398,
        "gold_val": 19.05134
    },
    "sz.002323": {
        "fx_a": 1.67,
        "fx_b": 3.05,
        "sqr_val": 2.257,
        "gold_val": 2.19716
    },
    "sz.002445": {
        "fx_a": 2.61,
        "fx_b": 4.77,
        "sqr_val": 3.528,
        "gold_val": 3.4351199999999995
    },
    "sz.002623": {
        "fx_a": 17.84,
        "fx_b": 33.95,
        "sqr_val": 24.61,
        "gold_val": 23.99402
    },
    "sz.002943": {
        "fx_a": 34.21,
        "fx_b": 88.95,
        "sqr_val": 55.163,
        "gold_val": 55.12068000000001
    },
    "sz.300102": {
        "fx_a": 22.42,
        "fx_b": 44.66,
        "sqr_val": 31.643,
        "gold_val": 30.915680000000002
    },
    "sz.300164": {
        "fx_a": 6.72,
        "fx_b": 25.96,
        "sqr_val": 13.208,
        "gold_val": 14.069680000000002
    },
    "sz.300317": {
        "fx_a": 4.02,
        "fx_b": 7.21,
        "sqr_val": 5.384,
        "gold_val": 5.23858
    },
    "sz.300385": {
        "fx_a": 10.83,
        "fx_b": 22.1,
        "sqr_val": 15.471,
        "gold_val": 15.13514
    },
    "sz.300785": {
        "fx_a": 38.33,
        "fx_b": 83.89,
        "sqr_val": 56.705,
        "gold_val": 55.73392
    },
    "sz.300831": {
        "fx_a": 12.73,
        "fx_b": 21.88,
        "sqr_val": 16.689,
        "gold_val": 16.2253
    },
    "sz.300842": {
        "fx_a": 59.0,
        "fx_b": 128.2,
        "sqr_val": 86.97,
        "gold_val": 85.4344
    },
    "sz.300912": {
        "fx_a": 16.0,
        "fx_b": 48.0,
        "sqr_val": 27.713,
        "gold_val": 28.224
    },
    "sz.301201": {
        "fx_a": 37.42,
        "fx_b": 65.03,
        "sqr_val": 49.33,
        "gold_val": 47.967020000000005
    },
    "sz.301291": {
        "fx_a": 42.23,
        "fx_b": 73.76,
        "sqr_val": 55.811,
        "gold_val": 54.27446
    },
    "sz.301302": {
        "fx_a": 22.79,
        "fx_b": 39.29,
        "sqr_val": 29.924,
        "gold_val": 29.093
    }
}