{
    "sh.600481": {
        "fx_a": 5.36,
        "fx_b": 11.56,
        "sqr_val": 7.872,
        "gold_val": 7.728400000000001
    },
    "sh.600489": {
        "fx_a": 14.2,
        "fx_b": 41.48,
        "sqr_val": 24.27,
        "gold_val": 24.620959999999997
    },
    "sh.600501": {
        "fx_a": 19.81,
        "fx_b": 39.97,
        "sqr_val": 28.139,
        "gold_val": 27.51112
    },
    "sh.600547": {
        "fx_a": 33.55,
        "fx_b": 65.55,
        "sqr_val": 46.896,
        "gold_val": 45.774
    },
    "sh.600556": {
        "fx_a": 5.5,
        "fx_b": 9.45,
        "sqr_val": 7.209,
        "gold_val": 7.0089
    },
    "sh.600775": {
        "fx_a": 10.58,
        "fx_b": 20.04,
        "sqr_val": 14.561,
        "gold_val": 14.193719999999999
    },
    "sh.600776": {
        "fx_a": 12.34,
        "fx_b": 27.09,
        "sqr_val": 18.284,
        "gold_val": 17.9745
    },
    "sh.600855": {
        "fx_a": 13.37,
        "fx_b": 30.0,
        "sqr_val": 20.027,
        "gold_val": 19.72266
    },
    "sh.600916": {
        "fx_a": 7.98,
        "fx_b": 14.85,
        "sqr_val": 10.886,
        "gold_val": 10.60434
    },
    "sh.600986": {
        "fx_a": 7.05,
        "fx_b": 16.48,
        "sqr_val": 10.779,
        "gold_val": 10.65226
    },
    "sh.600988": {
        "fx_a": 27.12,
        "fx_b": 51.5,
        "sqr_val": 37.372,
        "gold_val": 36.43316
    },
    "sh.601069": {
        "fx_a": 25.29,
        "fx_b": 50.5,
        "sqr_val": 35.737,
        "gold_val": 34.92022
    },
    "sh.601231": {
        "fx_a": 11.63911854,
        "fx_b": 49.38,
        "sqr_val": 23.974,
        "gold_val": 26.05613525772
    },
    "sh.603103": {
        "fx_a": 15.3,
        "fx_b": 40.45,
        "sqr_val": 24.877,
        "gold_val": 24.9073
    },
    "sh.603171": {
        "fx_a": 43.65,
        "fx_b": 90.6,
        "sqr_val": 62.886,
        "gold_val": 61.5849
    },
    "sh.603172": {
        "fx_a": 16.78,
        "fx_b": 31.13,
        "sqr_val": 22.855,
        "gold_val": 22.2617
    },
    "sh.603179": {
        "fx_a": 58.51,
        "fx_b": 108.41,
        "sqr_val": 79.643,
        "gold_val": 77.5718
    },
    "sh.603458": {
        "fx_a": 7.62,
        "fx_b": 13.67,
        "sqr_val": 10.206,
        "gold_val": 9.9311
    },
    "sh.603488": {
        "fx_a": 7.24,
        "fx_b": 12.33,
        "sqr_val": 9.448,
        "gold_val": 9.18438
    },
    "sh.603598": {
        "fx_a": 15.86,
        "fx_b": 31.4,
        "sqr_val": 22.316,
        "gold_val": 21.79628
    },
    "sz.000551": {
        "fx_a": 10.58,
        "fx_b": 18.35,
        "sqr_val": 13.934,
        "gold_val": 13.54814
    },
    "sz.001255": {
        "fx_a": 29.88,
        "fx_b": 58.97,
        "sqr_val": 41.976,
        "gold_val": 40.99238
    },
    "sz.001330": {
        "fx_a": 5.3,
        "fx_b": 13.72,
        "sqr_val": 8.527,
        "gold_val": 8.516440000000001
    },
    "sz.002044": {
        "fx_a": 4.82,
        "fx_b": 8.88,
        "sqr_val": 6.542,
        "gold_val": 6.370920000000001
    },
    "sz.002151": {
        "fx_a": 22.59,
        "fx_b": 66.9,
        "sqr_val": 38.875,
        "gold_val": 39.51642
    },
    "sz.002400": {
        "fx_a": 7.96060337,
        "fx_b": 13.9,
        "sqr_val": 10.519,
        "gold_val": 10.22945288266
    },
    "sz.002465": {
        "fx_a": 11.23,
        "fx_b": 26.62,
        "sqr_val": 17.29,
        "gold_val": 17.108980000000003
    },
    "sz.002623": {
        "fx_a": 17.28,
        "fx_b": 33.95,
        "sqr_val": 24.221,
        "gold_val": 23.647940000000002
    },
    "sz.002774": {
        "fx_a": 8.73,
        "fx_b": 16.45,
        "sqr_val": 11.984,
        "gold_val": 11.67904
    },
    "sz.002830": {
        "fx_a": 10.00472076,
        "fx_b": 35.74,
        "sqr_val": 18.909,
        "gold_val": 19.83559742968
    },
    "sz.002995": {
        "fx_a": 15.83,
        "fx_b": 38.56,
        "sqr_val": 24.706,
        "gold_val": 24.512860000000003
    },
    "sz.300141": {
        "fx_a": 10.7,
        "fx_b": 21.2,
        "sqr_val": 15.061,
        "gold_val": 14.710999999999999
    },
    "sz.300251": {
        "fx_a": 15.55,
        "fx_b": 29.88,
        "sqr_val": 21.555,
        "gold_val": 21.02406
    },
    "sz.300291": {
        "fx_a": 5.32,
        "fx_b": 11.36,
        "sqr_val": 7.774,
        "gold_val": 7.62728
    },
    "sz.300337": {
        "fx_a": 9.58,
        "fx_b": 21.73,
        "sqr_val": 14.428,
        "gold_val": 14.2213
    },
    "sz.300378": {
        "fx_a": 40.11,
        "fx_b": 71.78,
        "sqr_val": 53.657,
        "gold_val": 52.20794
    },
    "sz.300436": {
        "fx_a": 79.0,
        "fx_b": 149.0,
        "sqr_val": 108.494,
        "gold_val": 105.74000000000001
    },
    "sz.300455": {
        "fx_a": 16.05,
        "fx_b": 41.5,
        "sqr_val": 25.808,
        "gold_val": 25.771900000000002
    },
    "sz.300624": {
        "fx_a": 64.06,
        "fx_b": 122.8,
        "sqr_val": 88.694,
        "gold_val": 86.49868000000001
    },
    "sz.300671": {
        "fx_a": 31.26,
        "fx_b": 60.88,
        "sqr_val": 43.625,
        "gold_val": 42.57484
    },
    "sz.300758": {
        "fx_a": 12.1,
        "fx_b": 21.6,
        "sqr_val": 16.167,
        "gold_val": 15.729000000000001
    },
    "sz.300762": {
        "fx_a": 22.83,
        "fx_b": 60.77,
        "sqr_val": 37.248,
        "gold_val": 37.323080000000004
    },
    "sz.300785": {
        "fx_a": 31.7,
        "fx_b": 83.89,
        "sqr_val": 51.569,
        "gold_val": 51.636579999999995
    },
    "sz.300816": {
        "fx_a": 39.12,
        "fx_b": 82.8,
        "sqr_val": 56.913,
        "gold_val": 55.80576
    },
    "sz.301023": {
        "fx_a": 34.63,
        "fx_b": 65.18,
        "sqr_val": 47.51,
        "gold_val": 46.3001
    },
    "sz.301117": {
        "fx_a": 44.6,
        "fx_b": 84.48,
        "sqr_val": 61.382,
        "gold_val": 59.834160000000004
    },
    "sz.301171": {
        "fx_a": 27.52,
        "fx_b": 83.95,
        "sqr_val": 48.066,
        "gold_val": 49.076260000000005
    },
    "sz.301230": {
        "fx_a": 28.8389054,
        "fx_b": 67.97,
        "sqr_val": 44.274,
        "gold_val": 43.7869835372
    },
    "sz.301306": {
        "fx_a": 50.26,
        "fx_b": 170.05,
        "sqr_val": 92.448,
        "gold_val": 96.01978
    },
    "sz.301330": {
        "fx_a": 27.58,
        "fx_b": 50.5,
        "sqr_val": 37.32,
        "gold_val": 36.33544
    },
    "sz.301348": {
        "fx_a": 19.22,
        "fx_b": 37.7,
        "sqr_val": 26.918,
        "gold_val": 26.27936
    },
    "sz.301517": {
        "fx_a": 40.01,
        "fx_b": 103.99,
        "sqr_val": 64.503,
        "gold_val": 64.45035999999999
    }
}