{
    "sz.002038": {
        "fx_a": 5.47,
        "fx_b": 9.4,
        "sqr_val": 7.171,
        "gold_val": 6.97126
    },
    "sz.002044": {
        "fx_a": 4.82,
        "fx_b": 8.88,
        "sqr_val": 6.542,
        "gold_val": 6.370920000000001
    },
    "sz.002263": {
        "fx_a": 3.11,
        "fx_b": 5.35,
        "sqr_val": 4.079,
        "gold_val": 3.96568
    },
    "sz.002418": {
        "fx_a": 3.95,
        "fx_b": 7.12,
        "sqr_val": 5.303,
        "gold_val": 5.16094
    },
    "sz.002565": {
        "fx_a": 13.12,
        "fx_b": 22.99,
        "sqr_val": 17.367,
        "gold_val": 16.89034
    },
    "sz.002824": {
        "fx_a": 16.57,
        "fx_b": 31.83,
        "sqr_val": 22.966,
        "gold_val": 22.39932
    },
    "sz.300344": {
        "fx_a": 0.66,
        "fx_b": 3.33,
        "sqr_val": 1.482,
        "gold_val": 1.6799400000000002
    },
    "sz.300757": {
        "fx_a": 189.21,
        "fx_b": 566.0,
        "sqr_val": 327.25,
        "gold_val": 333.14378
    },
    "sz.300970": {
        "fx_a": 21.97,
        "fx_b": 50.4,
        "sqr_val": 33.276,
        "gold_val": 32.830259999999996
    },
    "sz.301201": {
        "fx_a": 37.42,
        "fx_b": 65.03,
        "sqr_val": 49.33,
        "gold_val": 47.967020000000005
    },
    "sz.301658": {
        "fx_a": 28.16,
        "fx_b": 66.93,
        "sqr_val": 43.414,
        "gold_val": 42.97014
    }
}