{
    "sh.600058": {
        "fx_a": 8.37,
        "fx_b": 16.58,
        "sqr_val": 11.78,
        "gold_val": 11.506219999999999
    },
    "sh.600219": {
        "fx_a": 3.56210368,
        "fx_b": 8.45,
        "sqr_val": 5.486,
        "gold_val": 5.429280074239999
    },
    "sh.600501": {
        "fx_a": 19.81,
        "fx_b": 39.97,
        "sqr_val": 28.139,
        "gold_val": 27.51112
    },
    "sh.600531": {
        "fx_a": 10.3,
        "fx_b": 24.79,
        "sqr_val": 15.979,
        "gold_val": 15.835180000000001
    },
    "sh.600547": {
        "fx_a": 33.55,
        "fx_b": 65.55,
        "sqr_val": 46.896,
        "gold_val": 45.774
    },
    "sh.600556": {
        "fx_a": 5.5,
        "fx_b": 9.45,
        "sqr_val": 7.209,
        "gold_val": 7.0089
    },
    "sh.600676": {
        "fx_a": 5.47,
        "fx_b": 10.18,
        "sqr_val": 7.462,
        "gold_val": 7.26922
    },
    "sh.600776": {
        "fx_a": 12.34,
        "fx_b": 27.09,
        "sqr_val": 18.284,
        "gold_val": 17.9745
    },
    "sh.600785": {
        "fx_a": 12.2586594,
        "fx_b": 27.76,
        "sqr_val": 18.447,
        "gold_val": 18.1801715092
    },
    "sh.600855": {
        "fx_a": 13.37,
        "fx_b": 30.0,
        "sqr_val": 20.027,
        "gold_val": 19.72266
    },
    "sh.600916": {
        "fx_a": 7.98,
        "fx_b": 14.85,
        "sqr_val": 10.886,
        "gold_val": 10.60434
    },
    "sh.600961": {
        "fx_a": 14.12,
        "fx_b": 27.48,
        "sqr_val": 19.698,
        "gold_val": 19.22352
    },
    "sh.601069": {
        "fx_a": 25.29,
        "fx_b": 50.5,
        "sqr_val": 35.737,
        "gold_val": 34.92022
    },
    "sh.601212": {
        "fx_a": 4.56,
        "fx_b": 15.19,
        "sqr_val": 8.323,
        "gold_val": 8.620659999999999
    },
    "sh.601399": {
        "fx_a": 3.21,
        "fx_b": 6.65,
        "sqr_val": 4.62,
        "gold_val": 4.52408
    },
    "sh.601698": {
        "fx_a": 20.07,
        "fx_b": 53.88,
        "sqr_val": 32.884,
        "gold_val": 32.985420000000005
    },
    "sh.603171": {
        "fx_a": 43.65,
        "fx_b": 90.6,
        "sqr_val": 62.886,
        "gold_val": 61.5849
    },
    "sh.603172": {
        "fx_a": 16.78,
        "fx_b": 31.13,
        "sqr_val": 22.855,
        "gold_val": 22.2617
    },
    "sh.603179": {
        "fx_a": 58.51,
        "fx_b": 108.41,
        "sqr_val": 79.643,
        "gold_val": 77.5718
    },
    "sh.603378": {
        "fx_a": 5.26,
        "fx_b": 10.06,
        "sqr_val": 7.274,
        "gold_val": 7.0936
    },
    "sh.603458": {
        "fx_a": 7.62,
        "fx_b": 13.67,
        "sqr_val": 10.206,
        "gold_val": 9.9311
    },
    "sh.603488": {
        "fx_a": 7.24,
        "fx_b": 12.33,
        "sqr_val": 9.448,
        "gold_val": 9.18438
    },
    "sh.603616": {
        "fx_a": 4.97,
        "fx_b": 9.26,
        "sqr_val": 6.784,
        "gold_val": 6.608779999999999
    },
    "sh.603778": {
        "fx_a": 3.23,
        "fx_b": 27.72,
        "sqr_val": 9.462,
        "gold_val": 12.58518
    },
    "sz.000551": {
        "fx_a": 10.58,
        "fx_b": 18.35,
        "sqr_val": 13.934,
        "gold_val": 13.54814
    },
    "sz.000603": {
        "fx_a": 11.45560844,
        "fx_b": 73.59,
        "sqr_val": 29.035,
        "gold_val": 35.190946015920005
    },
    "sz.000751": {
        "fx_a": 3.66,
        "fx_b": 7.82,
        "sqr_val": 5.35,
        "gold_val": 5.2491200000000005
    },
    "sz.001255": {
        "fx_a": 29.88,
        "fx_b": 58.97,
        "sqr_val": 41.976,
        "gold_val": 40.99238
    },
    "sz.001330": {
        "fx_a": 5.3,
        "fx_b": 13.72,
        "sqr_val": 8.527,
        "gold_val": 8.516440000000001
    },
    "sz.001337": {
        "fx_a": 25.94,
        "fx_b": 73.55,
        "sqr_val": 43.679,
        "gold_val": 44.12702
    },
    "sz.002044": {
        "fx_a": 4.82,
        "fx_b": 8.88,
        "sqr_val": 6.542,
        "gold_val": 6.370920000000001
    },
    "sz.002151": {
        "fx_a": 22.59,
        "fx_b": 66.9,
        "sqr_val": 38.875,
        "gold_val": 39.51642
    },
    "sz.002165": {
        "fx_a": 7.22,
        "fx_b": 14.99,
        "sqr_val": 10.403,
        "gold_val": 10.18814
    },
    "sz.002195": {
        "fx_a": 6.46,
        "fx_b": 13.19,
        "sqr_val": 9.231,
        "gold_val": 9.03086
    },
    "sz.002237": {
        "fx_a": 12.25,
        "fx_b": 23.56,
        "sqr_val": 16.989,
        "gold_val": 16.57042
    },
    "sz.002400": {
        "fx_a": 7.96060337,
        "fx_b": 13.9,
        "sqr_val": 10.519,
        "gold_val": 10.22945288266
    },
    "sz.002465": {
        "fx_a": 11.23,
        "fx_b": 26.62,
        "sqr_val": 17.29,
        "gold_val": 17.108980000000003
    },
    "sz.002506": {
        "fx_a": 2.45,
        "fx_b": 5.74,
        "sqr_val": 3.75,
        "gold_val": 3.70678
    },
    "sz.002774": {
        "fx_a": 8.73,
        "fx_b": 16.45,
        "sqr_val": 11.984,
        "gold_val": 11.67904
    },
    "sz.002830": {
        "fx_a": 10.00472076,
        "fx_b": 35.74,
        "sqr_val": 18.909,
        "gold_val": 19.83559742968
    },
    "sz.002995": {
        "fx_a": 15.83,
        "fx_b": 38.56,
        "sqr_val": 24.706,
        "gold_val": 24.512860000000003
    },
    "sz.003007": {
        "fx_a": 30.88,
        "fx_b": 59.77,
        "sqr_val": 42.962,
        "gold_val": 41.915980000000005
    },
    "sz.003035": {
        "fx_a": 4.55021424,
        "fx_b": 7.99,
        "sqr_val": 6.03,
        "gold_val": 5.86421240032
    },
    "sz.003042": {
        "fx_a": 14.98,
        "fx_b": 27.95,
        "sqr_val": 20.462,
        "gold_val": 19.93454
    },
    "sz.300141": {
        "fx_a": 10.7,
        "fx_b": 21.2,
        "sqr_val": 15.061,
        "gold_val": 14.710999999999999
    },
    "sz.300170": {
        "fx_a": 16.01,
        "fx_b": 33.7,
        "sqr_val": 23.228,
        "gold_val": 22.767580000000002
    },
    "sz.300229": {
        "fx_a": 17.95,
        "fx_b": 31.0,
        "sqr_val": 23.589,
        "gold_val": 22.9351
    },
    "sz.300244": {
        "fx_a": 14.48,
        "fx_b": 33.3,
        "sqr_val": 21.959,
        "gold_val": 21.66924
    },
    "sz.300331": {
        "fx_a": 29.03,
        "fx_b": 55.2,
        "sqr_val": 40.031,
        "gold_val": 39.02694
    },
    "sz.300337": {
        "fx_a": 9.58,
        "fx_b": 21.73,
        "sqr_val": 14.428,
        "gold_val": 14.2213
    },
    "sz.300378": {
        "fx_a": 40.11,
        "fx_b": 71.78,
        "sqr_val": 53.657,
        "gold_val": 52.20794
    },
    "sz.300455": {
        "fx_a": 16.05,
        "fx_b": 41.5,
        "sqr_val": 25.808,
        "gold_val": 25.771900000000002
    },
    "sz.300552": {
        "fx_a": 23.15,
        "fx_b": 41.5,
        "sqr_val": 30.996,
        "gold_val": 30.1597
    },
    "sz.300753": {
        "fx_a": 25.0,
        "fx_b": 44.12,
        "sqr_val": 33.211,
        "gold_val": 32.30384
    },
    "sz.300758": {
        "fx_a": 12.1,
        "fx_b": 21.6,
        "sqr_val": 16.167,
        "gold_val": 15.729000000000001
    },
    "sz.300762": {
        "fx_a": 22.83,
        "fx_b": 60.77,
        "sqr_val": 37.248,
        "gold_val": 37.323080000000004
    },
    "sz.300785": {
        "fx_a": 31.7,
        "fx_b": 83.89,
        "sqr_val": 51.569,
        "gold_val": 51.636579999999995
    },
    "sz.300816": {
        "fx_a": 39.12,
        "fx_b": 82.8,
        "sqr_val": 56.913,
        "gold_val": 55.80576
    },
    "sz.300927": {
        "fx_a": 22.22,
        "fx_b": 39.88,
        "sqr_val": 29.768,
        "gold_val": 28.96612
    },
    "sz.301023": {
        "fx_a": 34.63,
        "fx_b": 65.18,
        "sqr_val": 47.51,
        "gold_val": 46.3001
    },
    "sz.301117": {
        "fx_a": 44.6,
        "fx_b": 84.48,
        "sqr_val": 61.382,
        "gold_val": 59.834160000000004
    },