{
    "sh.600058": {
        "fx_a": 8.37,
        "fx_b": 16.58,
        "sqr_val": 11.78,
        "gold_val": 11.506219999999999
    },
    "sh.600219": {
        "fx_a": 3.56210368,
        "fx_b": 8.45,
        "sqr_val": 5.486,
        "gold_val": 5.429280074239999
    },
    "sh.600301": {
        "fx_a": 26.01,
        "fx_b": 67.88,
        "sqr_val": 42.019,
        "gold_val": 42.00434
    },
    "sh.600489": {
        "fx_a": 14.2,
        "fx_b": 41.48,
        "sqr_val": 24.27,
        "gold_val": 24.620959999999997
    },
    "sh.600501": {
        "fx_a": 19.81,
        "fx_b": 39.97,
        "sqr_val": 28.139,
        "gold_val": 27.51112
    },
    "sh.600531": {
        "fx_a": 10.3,
        "fx_b": 24.79,
        "sqr_val": 15.979,
        "gold_val": 15.835180000000001
    },
    "sh.600547": {
        "fx_a": 33.55,
        "fx_b": 65.55,
        "sqr_val": 46.896,
        "gold_val": 45.774
    },
    "sh.600549": {
        "fx_a": 17.07588535,
        "fx_b": 69.2,
        "sqr_val": 34.375,
        "gold_val": 36.9872971463
    },
    "sh.600556": {
        "fx_a": 5.5,
        "fx_b": 9.45,
        "sqr_val": 7.209,
        "gold_val": 7.0089
    },
    "sh.600637": {
        "fx_a": 9.0,
        "fx_b": 16.12,
        "sqr_val": 12.045,
        "gold_val": 11.719840000000001
    },
    "sh.600676": {
        "fx_a": 5.47,
        "fx_b": 10.18,
        "sqr_val": 7.462,
        "gold_val": 7.26922
    },
    "sh.600775": {
        "fx_a": 10.58,
        "fx_b": 20.04,
        "sqr_val": 14.561,
        "gold_val": 14.193719999999999
    },
    "sh.600776": {
        "fx_a": 12.34,
        "fx_b": 27.09,
        "sqr_val": 18.284,
        "gold_val": 17.9745
    },
    "sh.600783": {
        "fx_a": 13.64,
        "fx_b": 39.44,
        "sqr_val": 23.194,
        "gold_val": 23.4956
    },
    "sh.600855": {
        "fx_a": 13.37,
        "fx_b": 30.0,
        "sqr_val": 20.027,
        "gold_val": 19.72266
    },
    "sh.600916": {
        "fx_a": 7.98,
        "fx_b": 14.85,
        "sqr_val": 10.886,
        "gold_val": 10.60434
    },
    "sh.600961": {
        "fx_a": 14.12,
        "fx_b": 27.48,
        "sqr_val": 19.698,
        "gold_val": 19.22352
    },
    "sh.600988": {
        "fx_a": 27.12,
        "fx_b": 51.5,
        "sqr_val": 37.372,
        "gold_val": 36.43316
    },
    "sh.601069": {
        "fx_a": 25.29,
        "fx_b": 50.5,
        "sqr_val": 35.737,
        "gold_val": 34.92022
    },
    "sh.601212": {
        "fx_a": 4.56,
        "fx_b": 15.19,
        "sqr_val": 8.323,
        "gold_val": 8.620659999999999
    },
    "sh.603090": {
        "fx_a": 40.95,
        "fx_b": 99.01,
        "sqr_val": 63.675,
        "gold_val": 63.12892000000001
    },
    "sh.603171": {
        "fx_a": 43.65,
        "fx_b": 90.6,
        "sqr_val": 62.886,
        "gold_val": 61.5849
    },
    "sh.603172": {
        "fx_a": 16.78,
        "fx_b": 31.13,
        "sqr_val": 22.855,
        "gold_val": 22.2617
    },
    "sh.603179": {
        "fx_a": 58.51,
        "fx_b": 108.41,
        "sqr_val": 79.643,
        "gold_val": 77.5718
    },
    "sh.603378": {
        "fx_a": 5.26,
        "fx_b": 10.06,
        "sqr_val": 7.274,
        "gold_val": 7.0936
    },
    "sh.603458": {
        "fx_a": 7.62,
        "fx_b": 13.67,
        "sqr_val": 10.206,
        "gold_val": 9.9311
    },
    "sh.603488": {
        "fx_a": 7.24,
        "fx_b": 12.33,
        "sqr_val": 9.448,
        "gold_val": 9.18438
    },
    "sh.603598": {
        "fx_a": 15.86,
        "fx_b": 31.4,
        "sqr_val": 22.316,
        "gold_val": 21.79628
    },
    "sh.603938": {
        "fx_a": 16.75,
        "fx_b": 29.86,
        "sqr_val": 22.364,
        "gold_val": 21.758020000000002
    },
    "sz.000426": {
        "fx_a": 27.1,
        "fx_b": 74.8,
        "sqr_val": 45.023,
        "gold_val": 45.3214
    },
    "sz.000510": {
        "fx_a": 4.64,
        "fx_b": 20.65,
        "sqr_val": 9.789,
        "gold_val": 10.75582
    },
    "sz.000551": {
        "fx_a": 10.58,
        "fx_b": 18.35,
        "sqr_val": 13.934,
        "gold_val": 13.54814
    },
    "sz.000559": {
        "fx_a": 11.02,
        "fx_b": 21.8,
        "sqr_val": 15.5,
        "gold_val": 15.13796
    },
    "sz.000603": {
        "fx_a": 11.45560844,
        "fx_b": 73.59,
        "sqr_val": 29.035,
        "gold_val": 35.190946015920005
    },
    "sz.000751": {
        "fx_a": 3.66,
        "fx_b": 7.82,
        "sqr_val": 5.35,
        "gold_val": 5.2491200000000005
    },
    "sz.000859": {
        "fx_a": 6.2,
        "fx_b": 14.08,
        "sqr_val": 9.343,
        "gold_val": 9.21016
    },
    "sz.000960": {
        "fx_a": 21.42857688,
        "fx_b": 48.19,
        "sqr_val": 32.135,
        "gold_val": 31.65144051184
    },
    "sz.000975": {
        "fx_a": 19.9,
        "fx_b": 42.29,
        "sqr_val": 29.01,
        "gold_val": 28.452979999999997
    },
    "sz.001255": {
        "fx_a": 29.88,
        "fx_b": 58.97,
        "sqr_val": 41.976,
        "gold_val": 40.99238
    },
    "sz.001337": {
        "fx_a": 25.94,
        "fx_b": 73.55,
        "sqr_val": 43.679,
        "gold_val": 44.12702
    },
    "sz.002044": {
        "fx_a": 4.82,
        "fx_b": 8.88,
        "sqr_val": 6.542,
        "gold_val": 6.370920000000001
    },
    "sz.002151": {
        "fx_a": 22.59,
        "fx_b": 66.9,
        "sqr_val": 38.875,
        "gold_val": 39.51642
    },
    "sz.002155": {
        "fx_a": 20.54,
        "fx_b": 39.5,
        "sqr_val": 28.484,
        "gold_val": 27.782719999999998
    },
    "sz.002195": {
        "fx_a": 6.46,
        "fx_b": 13.19,
        "sqr_val": 9.231,
        "gold_val": 9.03086
    },
    "sz.002237": {
        "fx_a": 12.25,
        "fx_b": 23.56,
        "sqr_val": 16.989,
        "gold_val": 16.57042
    },
    "sz.002290": {
        "fx_a": 28.66,
        "fx_b": 68.62,
        "sqr_val": 44.347,
        "gold_val": 43.92472000000001
    },
    "sz.002324": {
        "fx_a": 11.97,
        "fx_b": 25.66,
        "sqr_val": 17.526,
        "gold_val": 17.19958
    },
    "sz.002400": {
        "fx_a": 7.96060337,
        "fx_b": 13.9,
        "sqr_val": 10.519,
        "gold_val": 10.22945288266
    },
    "sz.002465": {
        "fx_a": 11.23,
        "fx_b": 26.62,
        "sqr_val": 17.29,
        "gold_val": 17.108980000000003
    },
    "sz.002636": {
        "fx_a": 11.25,
        "fx_b": 27.54,
        "sqr_val": 17.602,
        "gold_val": 17.47278
    },
    "sz.002716": {
        "fx_a": 5.71,
        "fx_b": 21.3,
        "sqr_val": 11.028,
        "gold_val": 11.665379999999999
    },
    "sz.002759": {
        "fx_a": 30.95,
        "fx_b": 55.98,
        "sqr_val": 41.624,
        "gold_val": 40.51146
    },
    "sz.002774": {
        "fx_a": 8.73,
        "fx_b": 16.45,
        "sqr_val": 11.984,
        "gold_val": 11.67904
    },
    "sz.002788": {
        "fx_a": 7.9,
        "fx_b": 28.29,
        "sqr_val": 14.95,
        "gold_val": 15.68898
    },
    "sz.002796": {
        "fx_a": 16.11,
        "fx_b": 51.14,
        "sqr_val": 28.703,
        "gold_val": 29.49146
    },
    "sz.003007": {
        "fx_a": 30.88,
        "fx_b": 59.77,
        "sqr_val": 42.962,
        "gold_val": 41.915980000000005
    },
    "sz.003009": {
        "fx_a": 33.13676646,
        "fx_b": 100.6,
        "sqr_val": 57.737,
        "gold_val": 58.90772167228
    },
    "sz.003035": {
        "fx_a": 4.55021424,
        "fx_b": 7.99,
        "sqr_val": 6.03,
        "gold_val": 5.86421240032
    },
    "sz.003042": {
        "fx_a": 14.98,
        "fx_b": 27.95,
        "sqr_val": 20.462,
        "gold_val": 19.93454
    },
    "sz.300141": {
        "fx_a": 10.7,
        "fx_b": 21.2,
        "sqr_val": 15.061,
        "gold_val": 14.710999999999999
    },
    "sz.300170": {
        "fx_a": 16.01,
        "fx_b": 33.7,
        "sqr_val": 23.228,
        "gold_val": 22.767580000000002
    },