{
    "sh.600103": {
        "fx_a": 3.28,
        "fx_b": 5.72,
        "sqr_val": 4.331,
        "gold_val": 4.21208
    },
    "sh.600488": {
        "fx_a": 3.68,
        "fx_b": 7.18,
        "sqr_val": 5.14,
        "gold_val": 5.0169999999999995
    },
    "sh.600666": {
        "fx_a": 3.18,
        "fx_b": 7.57,
        "sqr_val": 4.906,
        "gold_val": 4.85698
    },
    "sh.600743": {
        "fx_a": 1.77,
        "fx_b": 3.53,
        "sqr_val": 2.5,
        "gold_val": 2.44232
    },
    "sh.600759": {
        "fx_a": 2.22,
        "fx_b": 9.09,
        "sqr_val": 4.492,
        "gold_val": 4.84434
    },
    "sh.603687": {
        "fx_a": 9.76,
        "fx_b": 20.8,
        "sqr_val": 14.248,
        "gold_val": 13.97728
    },
    "sh.603698": {
        "fx_a": 28.16,
        "fx_b": 48.0,
        "sqr_val": 36.765,
        "gold_val": 35.73888
    },
    "sz.000586": {
        "fx_a": 13.56,
        "fx_b": 25.12,
        "sqr_val": 18.456,
        "gold_val": 17.975920000000002
    },
    "sz.000720": {
        "fx_a": 3.25,
        "fx_b": 7.18,
        "sqr_val": 4.831,
        "gold_val": 4.75126
    },
    "sz.002038": {
        "fx_a": 5.47,
        "fx_b": 9.4,
        "sqr_val": 7.171,
        "gold_val": 6.97126
    },
    "sz.002044": {
        "fx_a": 4.82,
        "fx_b": 8.88,
        "sqr_val": 6.542,
        "gold_val": 6.370920000000001
    },
    "sz.002081": {
        "fx_a": 3.16,
        "fx_b": 5.46,
        "sqr_val": 4.154,
        "gold_val": 4.0386
    }
}