{
    "sh.600776": {
        "fx_a": 12.34,
        "fx_b": 27.09,
        "sqr_val": 18.284,
        "gold_val": 17.9745
    },
    "sh.600841": {
        "fx_a": 5.9,
        "fx_b": 11.32,
        "sqr_val": 8.172,
        "gold_val": 7.97044
    },
    "sh.600916": {
        "fx_a": 7.98,
        "fx_b": 14.85,
        "sqr_val": 10.886,
        "gold_val": 10.60434
    },
    "sh.600961": {
        "fx_a": 14.12,
        "fx_b": 27.48,
        "sqr_val": 19.698,
        "gold_val": 19.22352
    },
    "sh.600986": {
        "fx_a": 7.05,
        "fx_b": 16.48,
        "sqr_val": 10.779,
        "gold_val": 10.65226
    },
    "sh.601106": {
        "fx_a": 2.95,
        "fx_b": 6.6,
        "sqr_val": 4.412,
        "gold_val": 4.3443000000000005
    },
    "sh.601231": {
        "fx_a": 11.63911854,
        "fx_b": 49.38,
        "sqr_val": 23.974,
        "gold_val": 26.05613525772
    },
    "sh.601872": {
        "fx_a": 7.94,
        "fx_b": 19.65,
        "sqr_val": 12.491,
        "gold_val": 12.413219999999999
    },
    "sh.603103": {
        "fx_a": 15.3,
        "fx_b": 40.45,
        "sqr_val": 24.877,
        "gold_val": 24.9073
    },
    "sh.603163": {
        "fx_a": 41.16,
        "fx_b": 149.85,
        "sqr_val": 78.536,
        "gold_val": 82.67957999999999
    },
    "sh.603171": {
        "fx_a": 43.65,
        "fx_b": 90.6,
        "sqr_val": 62.886,
        "gold_val": 61.5849
    },
    "sh.603172": {
        "fx_a": 16.78,
        "fx_b": 31.13,
        "sqr_val": 22.855,
        "gold_val": 22.2617
    },
    "sh.603179": {
        "fx_a": 58.51,
        "fx_b": 108.41,
        "sqr_val": 79.643,
        "gold_val": 77.5718
    },
    "sh.603353": {
        "fx_a": 24.37040302,
        "fx_b": 54.0,
        "sqr_val": 36.277,
        "gold_val": 35.68890906636
    },
    "sh.603488": {
        "fx_a": 7.24,
        "fx_b": 12.33,
        "sqr_val": 9.448,
        "gold_val": 9.18438
    },
    "sh.603598": {
        "fx_a": 15.86,
        "fx_b": 31.4,
        "sqr_val": 22.316,
        "gold_val": 21.79628
    },
    "sh.605069": {
        "fx_a": 8.99,
        "fx_b": 16.4,
        "sqr_val": 12.142,
        "gold_val": 11.82062
    },
    "sz.000551": {
        "fx_a": 10.58,
        "fx_b": 18.35,
        "sqr_val": 13.934,
        "gold_val": 13.54814
    },
    "sz.001209": {
        "fx_a": 19.92,
        "fx_b": 34.99,
        "sqr_val": 26.401,
        "gold_val": 25.676740000000002
    },
    "sz.001255": {
        "fx_a": 29.88,
        "fx_b": 58.97,
        "sqr_val": 41.976,
        "gold_val": 40.99238
    },
    "sz.001330": {
        "fx_a": 5.3,
        "fx_b": 13.72,
        "sqr_val": 8.527,
        "gold_val": 8.516440000000001
    },
    "sz.002009": {
        "fx_a": 15.04,
        "fx_b": 38.0,
        "sqr_val": 23.906,
        "gold_val": 23.81072
    },
    "sz.002044": {
        "fx_a": 4.82,
        "fx_b": 8.88,
        "sqr_val": 6.542,
        "gold_val": 6.370920000000001
    },
    "sz.002119": {
        "fx_a": 15.37,
        "fx_b": 27.88,
        "sqr_val": 20.701,
        "gold_val": 20.14882
    },
    "sz.002155": {
        "fx_a": 20.54,
        "fx_b": 43.67,
        "sqr_val": 29.95,
        "gold_val": 29.37566
    },
    "sz.002342": {
        "fx_a": 6.75,
        "fx_b": 21.42,
        "sqr_val": 12.024,
        "gold_val": 12.353940000000001
    },
    "sz.002490": {
        "fx_a": 6.12,
        "fx_b": 14.52,
        "sqr_val": 9.427,
        "gold_val": 9.3288
    },
    "sz.002623": {
        "fx_a": 17.28,
        "fx_b": 33.95,
        "sqr_val": 24.221,
        "gold_val": 23.647940000000002
    },
    "sz.002843": {
        "fx_a": 17.6,
        "fx_b": 30.58,
        "sqr_val": 23.199,
        "gold_val": 22.55836
    },
    "sz.002943": {
        "fx_a": 30.52,
        "fx_b": 88.95,
        "sqr_val": 52.103,
        "gold_val": 52.84026
    },
    "sz.002995": {
        "fx_a": 15.83,
        "fx_b": 38.56,
        "sqr_val": 24.706,
        "gold_val": 24.512860000000003
    },
    "sz.300102": {
        "fx_a": 8.5669846,
        "fx_b": 44.66,
        "sqr_val": 19.56,
        "gold_val": 22.3545164828
    },
    "sz.300141": {
        "fx_a": 10.7,
        "fx_b": 21.2,
        "sqr_val": 15.061,
        "gold_val": 14.710999999999999
    }
}