{
    "sh.600337": {
        "fx_a": 1.95,
        "fx_b": 4.27,
        "sqr_val": 2.886,
        "gold_val": 2.8362399999999997
    },
    "sh.600501": {
        "fx_a": 19.81,
        "fx_b": 39.97,
        "sqr_val": 28.139,
        "gold_val": 27.51112
    },
    "sh.600637": {
        "fx_a": 9.0,
        "fx_b": 16.12,
        "sqr_val": 12.045,
        "gold_val": 11.719840000000001
    },
    "sh.600676": {
        "fx_a": 5.47,
        "fx_b": 10.18,
        "sqr_val": 7.462,
        "gold_val": 7.26922
    },
    "sh.600775": {
        "fx_a": 10.58,
        "fx_b": 20.04,
        "sqr_val": 14.561,
        "gold_val": 14.193719999999999
    },
    "sh.600776": {
        "fx_a": 12.34,
        "fx_b": 27.09,
        "sqr_val": 18.284,
        "gold_val": 17.9745
    },
    "sh.600783": {
        "fx_a": 13.64,
        "fx_b": 39.44,
        "sqr_val": 23.194,
        "gold_val": 23.4956
    },
    "sh.600855": {
        "fx_a": 13.37,
        "fx_b": 30.0,
        "sqr_val": 20.027,
        "gold_val": 19.72266
    },
    "sh.600865": {
        "fx_a": 8.87,
        "fx_b": 23.1,
        "sqr_val": 14.314,
        "gold_val": 14.30586
    },
    "sh.603179": {
        "fx_a": 58.51,
        "fx_b": 108.41,
        "sqr_val": 79.643,
        "gold_val": 77.5718
    },
    "sh.603278": {
        "fx_a": 8.97,
        "fx_b": 18.17,
        "sqr_val": 12.767,
        "gold_val": 12.4844
    },
    "sh.603378": {
        "fx_a": 5.26,
        "fx_b": 10.06,
        "sqr_val": 7.274,
        "gold_val": 7.0936
    },
    "sh.603696": {
        "fx_a": 11.32,
        "fx_b": 28.5,
        "sqr_val": 17.962,
        "gold_val": 17.88276
    },
    "sh.603778": {
        "fx_a": 3.23,
        "fx_b": 27.72,
        "sqr_val": 9.462,
        "gold_val": 12.58518
    },
    "sh.605069": {
        "fx_a": 8.99,
        "fx_b": 16.4,
        "sqr_val": 12.142,
        "gold_val": 11.82062
    },
    "sz.000551": {
        "fx_a": 10.58,
        "fx_b": 18.35,
        "sqr_val": 13.934,
        "gold_val": 13.54814
    },
    "sz.000859": {
        "fx_a": 6.2,
        "fx_b": 14.08,
        "sqr_val": 9.343,
        "gold_val": 9.21016
    },
    "sz.000981": {
        "fx_a": 2.98,
        "fx_b": 5.67,
        "sqr_val": 4.111,
        "gold_val": 4.00758
    },
    "sz.001255": {
        "fx_a": 29.88,
        "fx_b": 58.97,
        "sqr_val": 41.976,
        "gold_val": 40.99238
    },
    "sz.002025": {
        "fx_a": 40.08,
        "fx_b": 72.33,
        "sqr_val": 53.842,
        "gold_val": 52.399499999999996
    },
    "sz.002044": {
        "fx_a": 4.82,
        "fx_b": 8.88,
        "sqr_val": 6.542,
        "gold_val": 6.370920000000001
    },
    "sz.002151": {
        "fx_a": 22.59,
        "fx_b": 66.9,
        "sqr_val": 38.875,
        "gold_val": 39.51642
    },
    "sz.002173": {
        "fx_a": 19.65,
        "fx_b": 38.31,
        "sqr_val": 27.437,
        "gold_val": 26.77812
    },
    "sz.002195": {
        "fx_a": 6.46,
        "fx_b": 13.19,
        "sqr_val": 9.231,
        "gold_val": 9.03086
    },
    "sz.002324": {
        "fx_a": 11.97,
        "fx_b": 25.66,
        "sqr_val": 17.526,
        "gold_val": 17.19958
    },
    "sz.002347": {
        "fx_a": 6.51,
        "fx_b": 14.54,
        "sqr_val": 9.729,
        "gold_val": 9.577459999999999
    },
    "sz.002465": {
        "fx_a": 11.23,
        "fx_b": 26.62,
        "sqr_val": 17.29,
        "gold_val": 17.108980000000003
    },
    "sz.002519": {
        "fx_a": 4.52,
        "fx_b": 12.62,
        "sqr_val": 7.553,
        "gold_val": 7.614199999999999
    },
    "sz.002757": {
        "fx_a": 15.38,
        "fx_b": 29.45,
        "sqr_val": 21.282,
        "gold_val": 20.754739999999998
    },
    "sz.002759": {
        "fx_a": 30.95,
        "fx_b": 55.98,
        "sqr_val": 41.624,
        "gold_val": 40.51146
    },
    "sz.002774": {
        "fx_a": 8.73,
        "fx_b": 16.45,
        "sqr_val": 11.984,
        "gold_val": 11.67904
    },
    "sz.002788": {
        "fx_a": 7.9,
        "fx_b": 28.29,
        "sqr_val": 14.95,
        "gold_val": 15.68898
    },
    "sz.003007": {
        "fx_a": 30.88,
        "fx_b": 59.77,
        "sqr_val": 42.962,
        "gold_val": 41.915980000000005
    },
    "sz.003009": {
        "fx_a": 33.13676646,
        "fx_b": 100.6,
        "sqr_val": 57.737,
        "gold_val": 58.90772167228
    },
    "sz.300141": {
        "fx_a": 10.7,
        "fx_b": 21.2,
        "sqr_val": 15.061,
        "gold_val": 14.710999999999999
    },
    "sz.300170": {
        "fx_a": 16.01,
        "fx_b": 33.7,
        "sqr_val": 23.228,
        "gold_val": 22.767580000000002
    },
    "sz.300229": {
        "fx_a": 17.95,
        "fx_b": 31.0,
        "sqr_val": 23.589,
        "gold_val": 22.9351
    },
    "sz.300244": {
        "fx_a": 14.48,
        "fx_b": 33.3,
        "sqr_val": 21.959,
        "gold_val": 21.66924
    },
    "sz.300253": {
        "fx_a": 7.88,
        "fx_b": 16.09,
        "sqr_val": 11.26,
        "gold_val": 11.01622
    },
    "sz.300285": {
        "fx_a": 20.9,
        "fx_b": 36.5,
        "sqr_val": 27.62,
        "gold_val": 26.8592
    },
    "sz.300291": {
        "fx_a": 5.32,
        "fx_b": 11.36,
        "sqr_val": 7.774,
        "gold_val": 7.62728
    },
    "sz.300337": {
        "fx_a": 9.58,
        "fx_b": 21.73,
        "sqr_val": 14.428,
        "gold_val": 14.2213
    },
    "sz.300364": {
        "fx_a": 22.85,
        "fx_b": 42.5,
        "sqr_val": 31.163,
        "gold_val": 30.3563
    },
    "sz.300378": {
        "fx_a": 40.11,
        "fx_b": 71.78,
        "sqr_val": 53.657,
        "gold_val": 52.20794
    },
    "sz.300418": {
        "fx_a": 37.78,
        "fx_b": 72.09,
        "sqr_val": 52.188,
        "gold_val": 50.88642
    },
    "sz.300444": {
        "fx_a": 5.86,
        "fx_b": 16.5,
        "sqr_val": 9.833,
        "gold_val": 9.92448
    },
    "sz.300455": {
        "fx_a": 16.05,
        "fx_b": 41.5,
        "sqr_val": 25.808,
        "gold_val": 25.771900000000002
    },
    "sz.300516": {
        "fx_a": 35.19,
        "fx_b": 98.76,
        "sqr_val": 58.952,
        "gold_val": 59.47374
    },
    "sz.300552": {
        "fx_a": 23.15,
        "fx_b": 41.5,
        "sqr_val": 30.996,
        "gold_val": 30.1597
    },
    "sz.300578": {
        "fx_a": 17.25,
        "fx_b": 33.3,
        "sqr_val": 23.967,
        "gold_val": 23.3811
    },
    "sz.300624": {
        "fx_a": 64.06,
        "fx_b": 122.8,
        "sqr_val": 88.694,
        "gold_val": 86.49868000000001
    },
    "sz.300629": {
        "fx_a": 18.1,
        "fx_b": 34.38,
        "sqr_val": 24.946,
        "gold_val": 24.318960000000004
    },
    "sz.300639": {
        "fx_a": 5.33,
        "fx_b": 10.07,
        "sqr_val": 7.326,
        "gold_val": 7.14068
    },
    "sz.300753": {
        "fx_a": 25.0,
        "fx_b": 44.12,
        "sqr_val": 33.211,
        "gold_val": 32.30384
    },
    "sz.300762": {
        "fx_a": 22.83,
        "fx_b": 60.77,
        "sqr_val": 37.248,
        "gold_val": 37.323080000000004
    },
    "sz.300766": {
        "fx_a": 29.7,
        "fx_b": 50.55,
        "sqr_val": 38.747,
        "gold_val": 37.664699999999996
    },
    "sz.300792": {
        "fx_a": 26.77,
        "fx_b": 49.52,
        "sqr_val": 36.409,
        "gold_val": 35.4605
    },
    "sz.300819": {
        "fx_a": 11.1161377,
        "fx_b": 44.55,
        "sqr_val": 22.254,
        "gold_val": 23.8878730986
    },
    "sz.300878": {
        "fx_a": 20.3,
        "fx_b": 37.11,
        "sqr_val": 27.447,
        "gold_val": 26.721420000000002
    },
    "sz.300887": {
        "fx_a": 7.47,
        "fx_b": 16.79,
        "sqr_val": 11.199,
        "gold_val": 11.03024
    },
    "sz.300969": {
        "fx_a": 89.51,
        "fx_b": 160.9,
        "sqr_val": 120.009,
        "gold_val": 116.78098
    },
    "sz.301023": {
        "fx_a": 34.63,
        "fx_b": 65.18,