{
    "sh.600108": {
        "fx_a": 2.97,
        "fx_b": 7.17,
        "sqr_val": 4.615,
        "gold_val": 4.5744
    },
    "sh.600310": {
        "fx_a": 3.69,
        "fx_b": 7.26,
        "sqr_val": 5.176,
        "gold_val": 5.0537399999999995
    },
    "sh.600370": {
        "fx_a": 2.12,
        "fx_b": 3.86,
        "sqr_val": 2.861,
        "gold_val": 2.78468
    },
    "sh.600726": {
        "fx_a": 2.35,
        "fx_b": 7.16,
        "sqr_val": 4.102,
        "gold_val": 4.18742
    },
    "sh.600743": {
        "fx_a": 1.77,
        "fx_b": 3.53,
        "sqr_val": 2.5,
        "gold_val": 2.44232
    },
    "sh.600759": {
        "fx_a": 2.22,
        "fx_b": 9.09,
        "sqr_val": 4.492,
        "gold_val": 4.84434
    },
    "sh.601016": {
        "fx_a": 2.95,
        "fx_b": 5.73,
        "sqr_val": 4.111,
        "gold_val": 4.01196
    },
    "sh.601330": {
        "fx_a": 6.67,
        "fx_b": 12.2,
        "sqr_val": 9.021,
        "gold_val": 8.78246
    },
    "sh.603272": {
        "fx_a": 21.05,
        "fx_b": 37.02,
        "sqr_val": 27.915,
        "gold_val": 27.150540000000003
    },
    "sz.000586": {
        "fx_a": 13.56,
        "fx_b": 25.12,
        "sqr_val": 18.456,
        "gold_val": 17.975920000000002
    },
    "sz.000720": {
        "fx_a": 3.25,
        "fx_b": 7.18,
        "sqr_val": 4.831,
        "gold_val": 4.75126
    },
    "sz.002038": {
        "fx_a": 5.47,
        "fx_b": 9.4,
        "sqr_val": 7.171,
        "gold_val": 6.97126
    },
    "sz.002044": {
        "fx_a": 4.82,
        "fx_b": 8.88,
        "sqr_val": 6.542,
        "gold_val": 6.370920000000001
    },
    "sz.002445": {
        "fx_a": 2.47,
        "fx_b": 4.77,
        "sqr_val": 3.432,
        "gold_val": 3.3486000000000002
    },
    "sz.002623": {
        "fx_a": 17.28,
        "fx_b": 33.95,
        "sqr_val": 24.221,
        "gold_val": 23.647940000000002
    },
    "sz.300164": {
        "fx_a": 5.16,
        "fx_b": 25.96,
        "sqr_val": 11.574,
        "gold_val": 13.1056
    },
    "sz.300344": {
        "fx_a": 0.66,
        "fx_b": 3.33,
        "sqr_val": 1.482,
        "gold_val": 1.6799400000000002
    },
    "sz.300831": {
        "fx_a": 10.88,
        "fx_b": 21.88,
        "sqr_val": 15.429,
        "gold_val": 15.082
    },
    "sz.301201": {
        "fx_a": 37.42,
        "fx_b": 65.03,
        "sqr_val": 49.33,
        "gold_val": 47.967020000000005
    },
    "sz.301658": {
        "fx_a": 28.16,
        "fx_b": 66.93,
        "sqr_val": 43.414,
        "gold_val": 42.97014
    }
}