{
    "sz.300757": {
        "fx_a": 189.21,
        "fx_b": 566.0,
        "sqr_val": 327.25,
        "gold_val": 333.14378
    },
    "sz.300970": {
        "fx_a": 21.97,
        "fx_b": 50.4,
        "sqr_val": 33.276,
        "gold_val": 32.830259999999996
    },
    "sz.301201": {
        "fx_a": 37.42,
        "fx_b": 65.03,
        "sqr_val": 49.33,
        "gold_val": 47.967020000000005
    },
    "sz.301658": {
        "fx_a": 28.16,
        "fx_b": 66.93,
        "sqr_val": 43.414,
        "gold_val": 42.97014
    }
}